LOCK TABLES `t_ingredients` WRITE;
/*!40000 ALTER TABLE `t_ingredients` DISABLE KEYS */;
INSERT INTO `t_ingredients` (`ingredient_id`, `name`) VALUES (1,'cognac'),(2,'crème de cacao'),(3,'cream'),(4,'vermouth'),(5,'campari'),(6,'soda water'),(7,'gin'),(8,'calvados'),(9,'apricot brandy'),(10,'maraschino'),(11,'crème de violette'),(12,'rum'),(13,'triple sec'),(14,'white rum'),(15,'lemon juice'),(16,'bourbon whiskey'),(17,'bourbon'),(18,'orange bitters'),(19,'whiskey'),(20,'sugar syrup'),(21,'carbonated water'),(22,'green chartreuse'),(23,'lime'),(24,'chartreuse'),(25,'maraschino liqueur'),(26,'rye whiskey'),(27,'angostura bitters'),(28,'grenadine'),(29,'dashes'),(30,'brandy'),(31,'orange juice'),(32,'scotch whisky'),(33,'drambuie'),(34,'crème de menthe'),(35,'absinthe'),(36,'bénédictine'),(37,'peychaud\'s bitters'),(38,'prosecco'),(39,'peach'),(40,'vodka'),(41,'cl'),(42,'worcestershire sauce'),(43,'tabasco sauce'),(44,'celery salt'),(45,'black pepper'),(46,'cointreau'),(47,'lime juice'),(48,'cranberry juice'),(49,'champagne'),(50,'simple syrup'),(51,'amaretto'),(52,'orange-flavored liqueur'),(53,'galliano'),(54,'wine'),(55,'white wine'),(56,'crème de cassis'),(57,'grapefruit juice'),(58,'tequila'),(59,'grenadine syrup'),(60,'lillet'),(61,'falernum'),(62,'pernod'),(63,'pineapple juice'),(64,'mezcal'),(65,'yellow chartreuse'),(66,'aperol'),(67,'amaro'),(68,'whisky'),(69,'blended scotch whisky'),(70,'lagavulin 16y whisky'),(71,'irish whiskey');
/*!40000 ALTER TABLE `t_ingredients` ENABLE KEYS */;
UNLOCK TABLES;

LOCK TABLES `t_cocktails` WRITE;
/*!40000 ALTER TABLE `t_cocktails` DISABLE KEYS */;
INSERT INTO `t_cocktails` (`cocktail_id`, `name`, `url`) VALUES (1,'Alexander','https://en.wikipedia.org/wiki/Alexander_(cocktail)'),(2,'Americano','https://en.wikipedia.org/wiki/Americano_(cocktail)'),(3,'Angel Face','https://en.wikipedia.org/wiki/Angel_Face_(cocktail)'),(4,'Aviation','https://en.wikipedia.org/wiki/Aviation_(cocktail)'),(5,'Between the Sheets','https://en.wikipedia.org/wiki/Between_the_Sheets_(cocktail)'),(6,'Boulevardier','https://en.wikipedia.org/wiki/Boulevardier_(cocktail)'),(7,'Casino','https://en.wikipedia.org/wiki/Casino_(cocktail)'),(8,'Dry Martini','https://en.wikipedia.org/wiki/Martini_(cocktail)'),(9,'Fizz','https://en.wikipedia.org/wiki/Fizz_(cocktail)#Gin_fizz'),(10,'John Collins','https://en.wikipedia.org/wiki/John_Collins_(cocktail)'),(11,'The Last Word','https://en.wikipedia.org/wiki/Last_Word_(cocktail)'),(12,'Manhattan','https://en.wikipedia.org/wiki/Manhattan_(cocktail)'),(13,'Martinez','https://en.wikipedia.org/wiki/Martinez_(cocktail)'),(14,'Mary Pickford','https://en.wikipedia.org/wiki/Mary_Pickford_(cocktail)'),(15,'Old fashioned','https://en.wikipedia.org/wiki/Old_fashioned_(cocktail)'),(16,'Paradise','https://en.wikipedia.org/wiki/Paradise_(cocktail)'),(17,'Fizz','https://en.wikipedia.org/wiki/Fizz_(cocktail)#Ramos_gin_fizz'),(18,'Rusty Nail','https://en.wikipedia.org/wiki/Rusty_Nail_(cocktail)'),(19,'Sidecar','https://en.wikipedia.org/wiki/Sidecar_(cocktail)'),(20,'Stinger','https://en.wikipedia.org/wiki/Stinger_(cocktail)'),(21,'Tuxedo','https://en.wikipedia.org/wiki/Tuxedo_(cocktail)'),(22,'Vieux Carré','https://en.wikipedia.org/wiki/Vieux_Carr%C3%A9_(cocktail)'),(23,'White Lady','https://en.wikipedia.org/wiki/White_Lady_(cocktail)'),(24,'Bellini','https://en.wikipedia.org/wiki/Bellini_(cocktail)'),(25,'Bloody Mary','https://en.wikipedia.org/wiki/Bloody_Mary_(cocktail)'),(26,'Cosmopolitan','https://en.wikipedia.org/wiki/Cosmopolitan_(cocktail)'),(27,'French 75','https://en.wikipedia.org/wiki/French_75_(cocktail)'),(28,'French Connection','https://en.wikipedia.org/wiki/French_Connection_(cocktail)'),(29,'Golden Dream','https://en.wikipedia.org/wiki/Golden_dream_(cocktail)'),(30,'Grasshopper','https://en.wikipedia.org/wiki/Grasshopper_(cocktail)'),(31,'Kir','https://en.wikipedia.org/wiki/Kir_(cocktail)'),(32,'Mimosa','https://en.wikipedia.org/wiki/Mimosa_(cocktail)'),(33,'Sea Breeze','https://en.wikipedia.org/wiki/Sea_Breeze_(cocktail)'),(34,'Tequila sunrise','https://en.wikipedia.org/wiki/Tequila_sunrise_(cocktail)'),(35,'Vesper','https://en.wikipedia.org/wiki/Vesper_(cocktail)'),(36,'Zombie','https://en.wikipedia.org/wiki/Zombie_(cocktail)'),(37,'Barracuda','https://en.wikipedia.org/wiki/Barracuda_(cocktail)'),(38,'Bee\'s Knees','https://en.wikipedia.org/wiki/Bee%27s_Knees_(cocktail)'),(39,'Bramble','https://en.wikipedia.org/wiki/Bramble_(cocktail)'),(40,'Illegal','https://en.wikipedia.org/wiki/Illegal_(cocktail)'),(41,'Lemon Drop','https://en.wikipedia.org/wiki/Lemon_drop_(cocktail)'),(42,'Naked and Famous','https://en.wikipedia.org/wiki/Naked_and_Famous_(cocktail)'),(43,'Paloma','https://en.wikipedia.org/wiki/Paloma_(cocktail)'),(44,'Paper Plane','https://en.wikipedia.org/wiki/Paper_Plane_(cocktail)'),(45,'Penicillin','https://en.wikipedia.org/wiki/Penicillin_(cocktail)'),(46,'South Side or Southside','https://en.wikipedia.org/wiki/South_Side_(cocktail)'),(47,'Tipperary','https://en.wikipedia.org/wiki/Tipperary_(cocktail)'),(48,'Yellow Bird','https://en.wikipedia.org/wiki/Yellow_Bird_(cocktail)');
/*!40000 ALTER TABLE `t_cocktails` ENABLE KEYS */;
UNLOCK TABLES;

LOCK TABLES `t_cocktails_x_ingredients` WRITE;
/*!40000 ALTER TABLE `t_cocktails_x_ingredients` DISABLE KEYS */;
INSERT INTO `t_cocktails_x_ingredients` (`cocktail_id`, `ingredient_id`) VALUES (1,1),(1,2),(1,3),(2,4),(2,5),(2,6),(3,7),(3,8),(3,9),(4,7),(4,10),(4,11),(5,1),(5,12),(5,13),(5,14),(5,15),(6,16),(6,4),(6,5),(6,17),(7,7),(7,10),(7,18),(8,7),(8,4),(9,7),(9,19),(9,12),(10,7),(10,15),(10,20),(10,21),(11,22),(11,7),(11,23),(11,24),(11,25),(12,19),(12,26),(12,4),(12,27),(13,7),(14,12),(14,28),(14,10),(15,19),(15,17),(15,29),(16,7),(16,30),(16,31),(17,7),(17,19),(17,12),(18,32),(18,33),(19,1),(19,13),(19,15),(20,1),(20,34),(21,7),(21,4),(21,10),(21,35),(21,18),(22,26),(22,1),(22,4),(22,36),(22,37),(23,7),(23,13),(24,38),(24,39),(25,40),(25,41),(25,15),(25,42),(25,43),(25,44),(25,45),(26,40),(26,46),(26,47),(26,48),(27,49),(27,7),(27,50),(27,15),(28,1),(28,51),(29,52),(29,53),(29,13),(29,31),(29,3),(30,2),(30,34),(30,3),(31,54),(31,55),(31,56),(32,49),(32,31),(33,40),(33,48),(33,57),(34,58),(34,31),(34,59),(35,7),(35,40),(35,60),(36,12),(36,23),(36,61),(36,28),(36,27),(36,62),(37,12),(37,53),(37,63),(37,47),(37,38),(38,7),(39,7),(40,64),(40,12),(40,61),(40,10),(40,23),(40,50),(41,40),(42,64),(42,65),(42,66),(42,23),(43,58),(44,16),(44,67),(44,66),(45,68),(45,69),(45,70),(46,7),(47,71),(47,4),(47,24),(47,27),(48,12),(48,14),(48,53),(48,13),(48,47);
/*!40000 ALTER TABLE `t_cocktails_x_ingredients` ENABLE KEYS */;
UNLOCK TABLES;

